Metric,Value
Accuracy,0.3315875613747954
F1 Score,0.49753937007874016
