Metric,Value
Accuracy,0.8013093289689034
F1 Score,0.7005426739023187
