{
    "precision@1": 0.6306306306306306,
    "mrr": 0.7318151779315425
}