{
    "precision@1": 0.8378378378378378,
    "mrr": 0.8992886676794722
}