Metric,Value
Accuracy,0.8916530278232406
F1 Score,0.8379833578071464
