{
    "precision@1": 0.5165165165165165,
    "mrr": 0.6196743666736787
}