{
    "precision@1": 0.5345345345345346,
    "mrr": 0.6343993726722041
}