Metric,Value
Accuracy,0.8917155903457273
F1 Score,0.8380487804878048
