Metric,Value
Accuracy,0.8268101761252447
F1 Score,0.748221906116643
