Metric,Value
Accuracy,0.7291278113000549
F1 Score,0.6382064182093489
