Metric,Value
Accuracy,0.8366612111292963
F1 Score,0.7583535108958838
