{
    "precision@1": 0.7657657657657657,
    "mrr": 0.8434628531850753
}