{
    "precision@1": 0.8258258258258259,
    "mrr": 0.8892183500026638
}