{
    "precision@1": 0.7117117117117117,
    "mrr": 0.789807204385347
}