Metric,Value
Accuracy,0.8134206219312602
F1 Score,0.7493403693931399
