{
    "precision@1": 0.7207207207207207,
    "mrr": 0.8098163735418638
}