Metric,Value
Accuracy,0.802291325695581
F1 Score,0.7242009132420091
