{
    "precision@1": 0.5795795795795796,
    "mrr": 0.6853913308017379
}