{
    "precision@1": 0.7087087087087087,
    "mrr": 0.8000871346459583
}