{
    "precision@1": 0.7177177177177178,
    "mrr": 0.8072132847132847
}