{
    "recall@1": 0.7117117117117117,
    "mrr": 0.7909088744118908
}